[
  {
    "model": "admin.logentry",
    "pk": 1,
    "fields": {
      "action_time": "2022-12-23T16:18:08.951Z",
      "user": 1,
      "content_type": 8,
      "object_id": "70",
      "object_repr": "test 3",
      "action_flag": 3,
      "change_message": ""
    }
  },
  {
    "model": "admin.logentry",
    "pk": 2,
    "fields": {
      "action_time": "2022-12-23T16:18:08.957Z",
      "user": 1,
      "content_type": 8,
      "object_id": "69",
      "object_repr": "test 2",
      "action_flag": 3,
      "change_message": ""
    }
  },
  {
    "model": "admin.logentry",
    "pk": 3,
    "fields": {
      "action_time": "2022-12-23T16:18:08.963Z",
      "user": 1,
      "content_type": 8,
      "object_id": "68",
      "object_repr": "test 1",
      "action_flag": 3,
      "change_message": ""
    }
  },
  {
    "model": "admin.logentry",
    "pk": 4,
    "fields": {
      "action_time": "2022-12-23T16:18:31.732Z",
      "user": 1,
      "content_type": 8,
      "object_id": "70",
      "object_repr": "test 3",
      "action_flag": 1,
      "change_message": "new through import_export"
    }
  },
  {
    "model": "admin.logentry",
    "pk": 5,
    "fields": {
      "action_time": "2022-12-23T16:18:31.738Z",
      "user": 1,
      "content_type": 8,
      "object_id": "69",
      "object_repr": "test 2",
      "action_flag": 1,
      "change_message": "new through import_export"
    }
  },
  {
    "model": "admin.logentry",
    "pk": 6,
    "fields": {
      "action_time": "2022-12-23T16:18:31.745Z",
      "user": 1,
      "content_type": 8,
      "object_id": "68",
      "object_repr": "test 1",
      "action_flag": 1,
      "change_message": "new through import_export"
    }
  },
  {
    "model": "admin.logentry",
    "pk": 7,
    "fields": {
      "action_time": "2022-12-23T16:49:46.912Z",
      "user": 1,
      "content_type": 8,
      "object_id": "68",
      "object_repr": "test 1",
      "action_flag": 3,
      "change_message": ""
    }
  },
  {
    "model": "admin.logentry",
    "pk": 8,
    "fields": {
      "action_time": "2022-12-23T16:49:46.919Z",
      "user": 1,
      "content_type": 8,
      "object_id": "69",
      "object_repr": "test 2",
      "action_flag": 3,
      "change_message": ""
    }
  },
  {
    "model": "admin.logentry",
    "pk": 9,
    "fields": {
      "action_time": "2022-12-23T16:49:46.925Z",
      "user": 1,
      "content_type": 8,
      "object_id": "70",
      "object_repr": "test 3",
      "action_flag": 3,
      "change_message": ""
    }
  },
  {
    "model": "admin.logentry",
    "pk": 10,
    "fields": {
      "action_time": "2022-12-23T18:04:02.993Z",
      "user": 1,
      "content_type": 8,
      "object_id": "73",
      "object_repr": "test_3",
      "action_flag": 3,
      "change_message": ""
    }
  },
  {
    "model": "admin.logentry",
    "pk": 11,
    "fields": {
      "action_time": "2022-12-23T18:04:03Z",
      "user": 1,
      "content_type": 8,
      "object_id": "72",
      "object_repr": "test_2",
      "action_flag": 3,
      "change_message": ""
    }
  },
  {
    "model": "admin.logentry",
    "pk": 12,
    "fields": {
      "action_time": "2022-12-23T18:04:03.006Z",
      "user": 1,
      "content_type": 8,
      "object_id": "71",
      "object_repr": "test_1",
      "action_flag": 3,
      "change_message": ""
    }
  },
  {
    "model": "admin.logentry",
    "pk": 13,
    "fields": {
      "action_time": "2022-12-23T18:09:59.159Z",
      "user": 1,
      "content_type": 8,
      "object_id": "76",
      "object_repr": "test_3",
      "action_flag": 3,
      "change_message": ""
    }
  },
  {
    "model": "admin.logentry",
    "pk": 14,
    "fields": {
      "action_time": "2022-12-23T18:09:59.166Z",
      "user": 1,
      "content_type": 8,
      "object_id": "75",
      "object_repr": "test_2",
      "action_flag": 3,
      "change_message": ""
    }
  },
  {
    "model": "admin.logentry",
    "pk": 15,
    "fields": {
      "action_time": "2022-12-23T18:09:59.172Z",
      "user": 1,
      "content_type": 8,
      "object_id": "74",
      "object_repr": "test_1",
      "action_flag": 3,
      "change_message": ""
    }
  },
  {
    "model": "admin.logentry",
    "pk": 16,
    "fields": {
      "action_time": "2022-12-23T18:10:55.402Z",
      "user": 1,
      "content_type": 10,
      "object_id": "81",
      "object_repr": "Image object (81)",
      "action_flag": 3,
      "change_message": ""
    }
  },
  {
    "model": "admin.logentry",
    "pk": 17,
    "fields": {
      "action_time": "2022-12-23T18:10:55.409Z",
      "user": 1,
      "content_type": 10,
      "object_id": "80",
      "object_repr": "Image object (80)",
      "action_flag": 3,
      "change_message": ""
    }
  },
  {
    "model": "admin.logentry",
    "pk": 18,
    "fields": {
      "action_time": "2022-12-23T18:10:55.415Z",
      "user": 1,
      "content_type": 10,
      "object_id": "79",
      "object_repr": "Image object (79)",
      "action_flag": 3,
      "change_message": ""
    }
  },
  {
    "model": "admin.logentry",
    "pk": 19,
    "fields": {
      "action_time": "2022-12-23T18:12:26.148Z",
      "user": 1,
      "content_type": 7,
      "object_id": "58",
      "object_repr": "#test_tag_3",
      "action_flag": 3,
      "change_message": ""
    }
  },
  {
    "model": "admin.logentry",
    "pk": 20,
    "fields": {
      "action_time": "2022-12-23T18:12:26.156Z",
      "user": 1,
      "content_type": 7,
      "object_id": "57",
      "object_repr": "#test_tag_2",
      "action_flag": 3,
      "change_message": ""
    }
  },
  {
    "model": "admin.logentry",
    "pk": 21,
    "fields": {
      "action_time": "2022-12-23T18:12:26.164Z",
      "user": 1,
      "content_type": 7,
      "object_id": "56",
      "object_repr": "#test_tag_1",
      "action_flag": 3,
      "change_message": ""
    }
  },
  {
    "model": "admin.logentry",
    "pk": 22,
    "fields": {
      "action_time": "2022-12-23T18:12:26.170Z",
      "user": 1,
      "content_type": 7,
      "object_id": "55",
      "object_repr": "#test_tag_3",
      "action_flag": 3,
      "change_message": ""
    }
  },
  {
    "model": "admin.logentry",
    "pk": 23,
    "fields": {
      "action_time": "2022-12-23T18:12:26.176Z",
      "user": 1,
      "content_type": 7,
      "object_id": "54",
      "object_repr": "#test_tag_2",
      "action_flag": 3,
      "change_message": ""
    }
  },
  {
    "model": "admin.logentry",
    "pk": 24,
    "fields": {
      "action_time": "2022-12-23T18:12:26.182Z",
      "user": 1,
      "content_type": 7,
      "object_id": "53",
      "object_repr": "#test_tag_1",
      "action_flag": 3,
      "change_message": ""
    }
  },
  {
    "model": "admin.logentry",
    "pk": 25,
    "fields": {
      "action_time": "2022-12-23T18:12:26.188Z",
      "user": 1,
      "content_type": 7,
      "object_id": "52",
      "object_repr": "#test-test",
      "action_flag": 3,
      "change_message": ""
    }
  },
  {
    "model": "admin.logentry",
    "pk": 26,
    "fields": {
      "action_time": "2022-12-23T18:12:26.194Z",
      "user": 1,
      "content_type": 7,
      "object_id": "51",
      "object_repr": "#test-tag-4",
      "action_flag": 3,
      "change_message": ""
    }
  },
  {
    "model": "admin.logentry",
    "pk": 27,
    "fields": {
      "action_time": "2022-12-23T18:12:26.201Z",
      "user": 1,
      "content_type": 7,
      "object_id": "50",
      "object_repr": "#test-tag-3",
      "action_flag": 3,
      "change_message": ""
    }
  },
  {
    "model": "admin.logentry",
    "pk": 28,
    "fields": {
      "action_time": "2022-12-23T18:12:26.207Z",
      "user": 1,
      "content_type": 7,
      "object_id": "49",
      "object_repr": "#test-tag-2",
      "action_flag": 3,
      "change_message": ""
    }
  },
  {
    "model": "admin.logentry",
    "pk": 29,
    "fields": {
      "action_time": "2022-12-23T18:12:26.213Z",
      "user": 1,
      "content_type": 7,
      "object_id": "48",
      "object_repr": "#test-tag-1",
      "action_flag": 3,
      "change_message": ""
    }
  },
  {
    "model": "admin.logentry",
    "pk": 30,
    "fields": {
      "action_time": "2022-12-23T18:25:08.242Z",
      "user": 1,
      "content_type": 8,
      "object_id": "79",
      "object_repr": "test_3",
      "action_flag": 3,
      "change_message": ""
    }
  },
  {
    "model": "admin.logentry",
    "pk": 31,
    "fields": {
      "action_time": "2022-12-23T18:25:08.250Z",
      "user": 1,
      "content_type": 8,
      "object_id": "78",
      "object_repr": "test_2",
      "action_flag": 3,
      "change_message": ""
    }
  },
  {
    "model": "admin.logentry",
    "pk": 32,
    "fields": {
      "action_time": "2022-12-23T18:25:08.257Z",
      "user": 1,
      "content_type": 8,
      "object_id": "77",
      "object_repr": "test_1",
      "action_flag": 3,
      "change_message": ""
    }
  },
  {
    "model": "admin.logentry",
    "pk": 33,
    "fields": {
      "action_time": "2022-12-23T18:25:14.470Z",
      "user": 1,
      "content_type": 7,
      "object_id": "61",
      "object_repr": "#test_tag_3",
      "action_flag": 3,
      "change_message": ""
    }
  },
  {
    "model": "admin.logentry",
    "pk": 34,
    "fields": {
      "action_time": "2022-12-23T18:25:14.477Z",
      "user": 1,
      "content_type": 7,
      "object_id": "60",
      "object_repr": "#tes_tag_2",
      "action_flag": 3,
      "change_message": ""
    }
  },
  {
    "model": "admin.logentry",
    "pk": 35,
    "fields": {
      "action_time": "2022-12-23T18:25:14.483Z",
      "user": 1,
      "content_type": 7,
      "object_id": "59",
      "object_repr": "#test_tag_1",
      "action_flag": 3,
      "change_message": ""
    }
  },
  {
    "model": "admin.logentry",
    "pk": 36,
    "fields": {
      "action_time": "2022-12-23T19:47:18.290Z",
      "user": 1,
      "content_type": 8,
      "object_id": "79",
      "object_repr": "test_3",
      "action_flag": 3,
      "change_message": ""
    }
  },
  {
    "model": "admin.logentry",
    "pk": 37,
    "fields": {
      "action_time": "2022-12-23T19:47:18.297Z",
      "user": 1,
      "content_type": 8,
      "object_id": "78",
      "object_repr": "test_2",
      "action_flag": 3,
      "change_message": ""
    }
  },
  {
    "model": "admin.logentry",
    "pk": 38,
    "fields": {
      "action_time": "2022-12-23T19:47:18.303Z",
      "user": 1,
      "content_type": 8,
      "object_id": "77",
      "object_repr": "test_1",
      "action_flag": 3,
      "change_message": ""
    }
  },
  {
    "model": "admin.logentry",
    "pk": 39,
    "fields": {
      "action_time": "2022-12-23T19:47:23.543Z",
      "user": 1,
      "content_type": 7,
      "object_id": "61",
      "object_repr": "#test_tag_3",
      "action_flag": 3,
      "change_message": ""
    }
  },
  {
    "model": "admin.logentry",
    "pk": 40,
    "fields": {
      "action_time": "2022-12-23T19:47:23.549Z",
      "user": 1,
      "content_type": 7,
      "object_id": "60",
      "object_repr": "#tes_tag_2",
      "action_flag": 3,
      "change_message": ""
    }
  },
  {
    "model": "admin.logentry",
    "pk": 41,
    "fields": {
      "action_time": "2022-12-23T19:47:23.555Z",
      "user": 1,
      "content_type": 7,
      "object_id": "59",
      "object_repr": "#test_tag_1",
      "action_flag": 3,
      "change_message": ""
    }
  },
  {
    "model": "admin.logentry",
    "pk": 42,
    "fields": {
      "action_time": "2023-01-04T15:46:41.939Z",
      "user": 1,
      "content_type": 10,
      "object_id": "88",
      "object_repr": "Image object (88)",
      "action_flag": 3,
      "change_message": ""
    }
  },
  {
    "model": "admin.logentry",
    "pk": 43,
    "fields": {
      "action_time": "2023-01-04T15:46:41.949Z",
      "user": 1,
      "content_type": 10,
      "object_id": "87",
      "object_repr": "Image object (87)",
      "action_flag": 3,
      "change_message": ""
    }
  },
  {
    "model": "admin.logentry",
    "pk": 44,
    "fields": {
      "action_time": "2023-01-04T15:46:41.958Z",
      "user": 1,
      "content_type": 10,
      "object_id": "86",
      "object_repr": "Image object (86)",
      "action_flag": 3,
      "change_message": ""
    }
  },
  {
    "model": "admin.logentry",
    "pk": 45,
    "fields": {
      "action_time": "2023-01-04T15:46:41.965Z",
      "user": 1,
      "content_type": 10,
      "object_id": "85",
      "object_repr": "Image object (85)",
      "action_flag": 3,
      "change_message": ""
    }
  },
  {
    "model": "admin.logentry",
    "pk": 46,
    "fields": {
      "action_time": "2023-01-04T15:46:41.973Z",
      "user": 1,
      "content_type": 10,
      "object_id": "84",
      "object_repr": "Image object (84)",
      "action_flag": 3,
      "change_message": ""
    }
  },
  {
    "model": "admin.logentry",
    "pk": 47,
    "fields": {
      "action_time": "2023-01-04T15:46:41.980Z",
      "user": 1,
      "content_type": 10,
      "object_id": "83",
      "object_repr": "Image object (83)",
      "action_flag": 3,
      "change_message": ""
    }
  },
  {
    "model": "admin.logentry",
    "pk": 48,
    "fields": {
      "action_time": "2023-01-04T15:46:41.990Z",
      "user": 1,
      "content_type": 10,
      "object_id": "82",
      "object_repr": "Image object (82)",
      "action_flag": 3,
      "change_message": ""
    }
  },
  {
    "model": "admin.logentry",
    "pk": 49,
    "fields": {
      "action_time": "2023-01-04T15:47:33.376Z",
      "user": 1,
      "content_type": 10,
      "object_id": "89",
      "object_repr": "Image object (89)",
      "action_flag": 1,
      "change_message": "[{\"added\": {}}]"
    }
  },
  {
    "model": "admin.logentry",
    "pk": 50,
    "fields": {
      "action_time": "2023-01-04T15:48:02.694Z",
      "user": 1,
      "content_type": 10,
      "object_id": "90",
      "object_repr": "Image object (90)",
      "action_flag": 1,
      "change_message": "[{\"added\": {}}]"
    }
  },
  {
    "model": "admin.logentry",
    "pk": 51,
    "fields": {
      "action_time": "2023-01-04T15:48:53.442Z",
      "user": 1,
      "content_type": 10,
      "object_id": "91",
      "object_repr": "Image object (91)",
      "action_flag": 1,
      "change_message": "[{\"added\": {}}]"
    }
  },
  {
    "model": "admin.logentry",
    "pk": 52,
    "fields": {
      "action_time": "2023-01-04T15:49:16.008Z",
      "user": 1,
      "content_type": 10,
      "object_id": "92",
      "object_repr": "Image object (92)",
      "action_flag": 1,
      "change_message": "[{\"added\": {}}]"
    }
  },
  {
    "model": "admin.logentry",
    "pk": 53,
    "fields": {
      "action_time": "2023-01-04T15:49:36.745Z",
      "user": 1,
      "content_type": 10,
      "object_id": "93",
      "object_repr": "Image object (93)",
      "action_flag": 1,
      "change_message": "[{\"added\": {}}]"
    }
  },
  {
    "model": "admin.logentry",
    "pk": 54,
    "fields": {
      "action_time": "2023-01-04T15:49:54.365Z",
      "user": 1,
      "content_type": 10,
      "object_id": "94",
      "object_repr": "Image object (94)",
      "action_flag": 1,
      "change_message": "[{\"added\": {}}]"
    }
  },
  {
    "model": "admin.logentry",
    "pk": 55,
    "fields": {
      "action_time": "2023-01-04T15:50:11.716Z",
      "user": 1,
      "content_type": 10,
      "object_id": "95",
      "object_repr": "Image object (95)",
      "action_flag": 1,
      "change_message": "[{\"added\": {}}]"
    }
  },
  {
    "model": "admin.logentry",
    "pk": 56,
    "fields": {
      "action_time": "2023-01-04T16:12:59.901Z",
      "user": 1,
      "content_type": 7,
      "object_id": "66",
      "object_repr": "tag_more",
      "action_flag": 1,
      "change_message": "[{\"added\": {}}]"
    }
  },
  {
    "model": "admin.logentry",
    "pk": 57,
    "fields": {
      "action_time": "2023-01-04T16:13:25.153Z",
      "user": 1,
      "content_type": 8,
      "object_id": "83",
      "object_repr": "test_cloudinary",
      "action_flag": 2,
      "change_message": "[{\"changed\": {\"fields\": [\"\\u0422\\u044d\\u0433\\u0438\"]}}]"
    }
  },
  {
    "model": "admin.logentry",
    "pk": 58,
    "fields": {
      "action_time": "2023-01-07T15:15:28.919Z",
      "user": 1,
      "content_type": 6,
      "object_id": "2",
      "object_repr": "Igrerio",
      "action_flag": 3,
      "change_message": ""
    }
  },
  {
    "model": "admin.logentry",
    "pk": 59,
    "fields": {
      "action_time": "2023-01-07T15:18:45.400Z",
      "user": 1,
      "content_type": 6,
      "object_id": "5",
      "object_repr": "Igrerio",
      "action_flag": 3,
      "change_message": ""
    }
  },
  {
    "model": "admin.logentry",
    "pk": 60,
    "fields": {
      "action_time": "2023-01-07T15:24:10.541Z",
      "user": 1,
      "content_type": 6,
      "object_id": "6",
      "object_repr": "igrerio",
      "action_flag": 3,
      "change_message": ""
    }
  },
  {
    "model": "admin.logentry",
    "pk": 61,
    "fields": {
      "action_time": "2023-01-07T18:17:12.039Z",
      "user": 1,
      "content_type": 6,
      "object_id": "16",
      "object_repr": "Igrerio",
      "action_flag": 3,
      "change_message": ""
    }
  },
  {
    "model": "admin.logentry",
    "pk": 62,
    "fields": {
      "action_time": "2023-01-08T15:34:56.666Z",
      "user": 1,
      "content_type": 8,
      "object_id": "96",
      "object_repr": "Еще тест картинок",
      "action_flag": 3,
      "change_message": ""
    }
  },
  {
    "model": "admin.logentry",
    "pk": 63,
    "fields": {
      "action_time": "2023-01-10T12:36:25.591Z",
      "user": 1,
      "content_type": 8,
      "object_id": "85",
      "object_repr": "Успешное добавление поста с новыми стилями",
      "action_flag": 3,
      "change_message": ""
    }
  },
  {
    "model": "auth.permission",
    "pk": 1,
    "fields": {
      "name": "Can add log entry",
      "content_type": 1,
      "codename": "add_logentry"
    }
  },
  {
    "model": "auth.permission",
    "pk": 2,
    "fields": {
      "name": "Can change log entry",
      "content_type": 1,
      "codename": "change_logentry"
    }
  },
  {
    "model": "auth.permission",
    "pk": 3,
    "fields": {
      "name": "Can delete log entry",
      "content_type": 1,
      "codename": "delete_logentry"
    }
  },
  {
    "model": "auth.permission",
    "pk": 4,
    "fields": {
      "name": "Can view log entry",
      "content_type": 1,
      "codename": "view_logentry"
    }
  },
  {
    "model": "auth.permission",
    "pk": 5,
    "fields": {
      "name": "Can add permission",
      "content_type": 2,
      "codename": "add_permission"
    }
  },
  {
    "model": "auth.permission",
    "pk": 6,
    "fields": {
      "name": "Can change permission",
      "content_type": 2,
      "codename": "change_permission"
    }
  },
  {
    "model": "auth.permission",
    "pk": 7,
    "fields": {
      "name": "Can delete permission",
      "content_type": 2,
      "codename": "delete_permission"
    }
  },
  {
    "model": "auth.permission",
    "pk": 8,
    "fields": {
      "name": "Can view permission",
      "content_type": 2,
      "codename": "view_permission"
    }
  },
  {
    "model": "auth.permission",
    "pk": 9,
    "fields": {
      "name": "Can add group",
      "content_type": 3,
      "codename": "add_group"
    }
  },
  {
    "model": "auth.permission",
    "pk": 10,
    "fields": {
      "name": "Can change group",
      "content_type": 3,
      "codename": "change_group"
    }
  },
  {
    "model": "auth.permission",
    "pk": 11,
    "fields": {
      "name": "Can delete group",
      "content_type": 3,
      "codename": "delete_group"
    }
  },
  {
    "model": "auth.permission",
    "pk": 12,
    "fields": {
      "name": "Can view group",
      "content_type": 3,
      "codename": "view_group"
    }
  },
  {
    "model": "auth.permission",
    "pk": 13,
    "fields": {
      "name": "Can add content type",
      "content_type": 4,
      "codename": "add_contenttype"
    }
  },
  {
    "model": "auth.permission",
    "pk": 14,
    "fields": {
      "name": "Can change content type",
      "content_type": 4,
      "codename": "change_contenttype"
    }
  },
  {
    "model": "auth.permission",
    "pk": 15,
    "fields": {
      "name": "Can delete content type",
      "content_type": 4,
      "codename": "delete_contenttype"
    }
  },
  {
    "model": "auth.permission",
    "pk": 16,
    "fields": {
      "name": "Can view content type",
      "content_type": 4,
      "codename": "view_contenttype"
    }
  },
  {
    "model": "auth.permission",
    "pk": 17,
    "fields": {
      "name": "Can add session",
      "content_type": 5,
      "codename": "add_session"
    }
  },
  {
    "model": "auth.permission",
    "pk": 18,
    "fields": {
      "name": "Can change session",
      "content_type": 5,
      "codename": "change_session"
    }
  },
  {
    "model": "auth.permission",
    "pk": 19,
    "fields": {
      "name": "Can delete session",
      "content_type": 5,
      "codename": "delete_session"
    }
  },
  {
    "model": "auth.permission",
    "pk": 20,
    "fields": {
      "name": "Can view session",
      "content_type": 5,
      "codename": "view_session"
    }
  },
  {
    "model": "auth.permission",
    "pk": 21,
    "fields": {
      "name": "Can add user",
      "content_type": 6,
      "codename": "add_user"
    }
  },
  {
    "model": "auth.permission",
    "pk": 22,
    "fields": {
      "name": "Can change user",
      "content_type": 6,
      "codename": "change_user"
    }
  },
  {
    "model": "auth.permission",
    "pk": 23,
    "fields": {
      "name": "Can delete user",
      "content_type": 6,
      "codename": "delete_user"
    }
  },
  {
    "model": "auth.permission",
    "pk": 24,
    "fields": {
      "name": "Can view user",
      "content_type": 6,
      "codename": "view_user"
    }
  },
  {
    "model": "auth.permission",
    "pk": 25,
    "fields": {
      "name": "Can add tag",
      "content_type": 7,
      "codename": "add_tag"
    }
  },
  {
    "model": "auth.permission",
    "pk": 26,
    "fields": {
      "name": "Can change tag",
      "content_type": 7,
      "codename": "change_tag"
    }
  },
  {
    "model": "auth.permission",
    "pk": 27,
    "fields": {
      "name": "Can delete tag",
      "content_type": 7,
      "codename": "delete_tag"
    }
  },
  {
    "model": "auth.permission",
    "pk": 28,
    "fields": {
      "name": "Can view tag",
      "content_type": 7,
      "codename": "view_tag"
    }
  },
  {
    "model": "auth.permission",
    "pk": 29,
    "fields": {
      "name": "Can add post",
      "content_type": 8,
      "codename": "add_post"
    }
  },
  {
    "model": "auth.permission",
    "pk": 30,
    "fields": {
      "name": "Can change post",
      "content_type": 8,
      "codename": "change_post"
    }
  },
  {
    "model": "auth.permission",
    "pk": 31,
    "fields": {
      "name": "Can delete post",
      "content_type": 8,
      "codename": "delete_post"
    }
  },
  {
    "model": "auth.permission",
    "pk": 32,
    "fields": {
      "name": "Can view post",
      "content_type": 8,
      "codename": "view_post"
    }
  },
  {
    "model": "auth.permission",
    "pk": 33,
    "fields": {
      "name": "Can add like",
      "content_type": 9,
      "codename": "add_like"
    }
  },
  {
    "model": "auth.permission",
    "pk": 34,
    "fields": {
      "name": "Can change like",
      "content_type": 9,
      "codename": "change_like"
    }
  },
  {
    "model": "auth.permission",
    "pk": 35,
    "fields": {
      "name": "Can delete like",
      "content_type": 9,
      "codename": "delete_like"
    }
  },
  {
    "model": "auth.permission",
    "pk": 36,
    "fields": {
      "name": "Can view like",
      "content_type": 9,
      "codename": "view_like"
    }
  },
  {
    "model": "auth.permission",
    "pk": 37,
    "fields": {
      "name": "Can add image",
      "content_type": 10,
      "codename": "add_image"
    }
  },
  {
    "model": "auth.permission",
    "pk": 38,
    "fields": {
      "name": "Can change image",
      "content_type": 10,
      "codename": "change_image"
    }
  },
  {
    "model": "auth.permission",
    "pk": 39,
    "fields": {
      "name": "Can delete image",
      "content_type": 10,
      "codename": "delete_image"
    }
  },
  {
    "model": "auth.permission",
    "pk": 40,
    "fields": {
      "name": "Can view image",
      "content_type": 10,
      "codename": "view_image"
    }
  },
  {
    "model": "auth.permission",
    "pk": 41,
    "fields": {
      "name": "Can add captcha store",
      "content_type": 11,
      "codename": "add_captchastore"
    }
  },
  {
    "model": "auth.permission",
    "pk": 42,
    "fields": {
      "name": "Can change captcha store",
      "content_type": 11,
      "codename": "change_captchastore"
    }
  },
  {
    "model": "auth.permission",
    "pk": 43,
    "fields": {
      "name": "Can delete captcha store",
      "content_type": 11,
      "codename": "delete_captchastore"
    }
  },
  {
    "model": "auth.permission",
    "pk": 44,
    "fields": {
      "name": "Can view captcha store",
      "content_type": 11,
      "codename": "view_captchastore"
    }
  },
  {
    "model": "auth.permission",
    "pk": 45,
    "fields": {
      "name": "Can add tag",
      "content_type": 12,
      "codename": "add_tag"
    }
  },
  {
    "model": "auth.permission",
    "pk": 46,
    "fields": {
      "name": "Can change tag",
      "content_type": 12,
      "codename": "change_tag"
    }
  },
  {
    "model": "auth.permission",
    "pk": 47,
    "fields": {
      "name": "Can delete tag",
      "content_type": 12,
      "codename": "delete_tag"
    }
  },
  {
    "model": "auth.permission",
    "pk": 48,
    "fields": {
      "name": "Can view tag",
      "content_type": 12,
      "codename": "view_tag"
    }
  },
  {
    "model": "auth.permission",
    "pk": 49,
    "fields": {
      "name": "Can add tagged item",
      "content_type": 13,
      "codename": "add_taggeditem"
    }
  },
  {
    "model": "auth.permission",
    "pk": 50,
    "fields": {
      "name": "Can change tagged item",
      "content_type": 13,
      "codename": "change_taggeditem"
    }
  },
  {
    "model": "auth.permission",
    "pk": 51,
    "fields": {
      "name": "Can delete tagged item",
      "content_type": 13,
      "codename": "delete_taggeditem"
    }
  },
  {
    "model": "auth.permission",
    "pk": 52,
    "fields": {
      "name": "Can view tagged item",
      "content_type": 13,
      "codename": "view_taggeditem"
    }
  },
  {
    "model": "contenttypes.contenttype",
    "pk": 1,
    "fields": {
      "app_label": "admin",
      "model": "logentry"
    }
  },
  {
    "model": "contenttypes.contenttype",
    "pk": 2,
    "fields": {
      "app_label": "auth",
      "model": "permission"
    }
  },
  {
    "model": "contenttypes.contenttype",
    "pk": 3,
    "fields": {
      "app_label": "auth",
      "model": "group"
    }
  },
  {
    "model": "contenttypes.contenttype",
    "pk": 4,
    "fields": {
      "app_label": "contenttypes",
      "model": "contenttype"
    }
  },
  {
    "model": "contenttypes.contenttype",
    "pk": 5,
    "fields": {
      "app_label": "sessions",
      "model": "session"
    }
  },
  {
    "model": "contenttypes.contenttype",
    "pk": 6,
    "fields": {
      "app_label": "users",
      "model": "user"
    }
  },
  {
    "model": "contenttypes.contenttype",
    "pk": 7,
    "fields": {
      "app_label": "users",
      "model": "tag"
    }
  },
  {
    "model": "contenttypes.contenttype",
    "pk": 8,
    "fields": {
      "app_label": "users",
      "model": "post"
    }
  },
  {
    "model": "contenttypes.contenttype",
    "pk": 9,
    "fields": {
      "app_label": "users",
      "model": "like"
    }
  },
  {
    "model": "contenttypes.contenttype",
    "pk": 10,
    "fields": {
      "app_label": "users",
      "model": "image"
    }
  },
  {
    "model": "contenttypes.contenttype",
    "pk": 11,
    "fields": {
      "app_label": "captcha",
      "model": "captchastore"
    }
  },
  {
    "model": "contenttypes.contenttype",
    "pk": 12,
    "fields": {
      "app_label": "taggit",
      "model": "tag"
    }
  },
  {
    "model": "contenttypes.contenttype",
    "pk": 13,
    "fields": {
      "app_label": "taggit",
      "model": "taggeditem"
    }
  },
  {
    "model": "sessions.session",
    "pk": "3790uo5xm7m8ozj7cyh3jzluzux5933r",
    "fields": {
      "session_data": ".eJxVjMsOgjAQRf-la9PAtKWjS_d8A5lHa1EDCYWV8d-VhIVu7znnvsxA21qGraZlGNVcTGtOvxuTPNK0A73TdJutzNO6jGx3xR602n7W9Lwe7t9BoVq-NUlWCKqdy3imFr3PMUmnANC1whojZg-hAQ4sQZqGiTA7jAicIjrz_gD8tjg1:1pEIbb:0EhQSHR_-QqF9lWAqO6dgfdt9MVkQczcGHZyAefZ7_s",
      "expire_date": "2023-01-21T23:28:03.039Z"
    }
  },
  {
    "model": "sessions.session",
    "pk": "cvnaycb43ymovlfbyct6e0nzxe9271dk",
    "fields": {
      "session_data": ".eJxVjMEOwiAQRP-FsyEshSIevfsNZHcBqRqalPZk_Hdp0oPeZubNzFsE3NYStpaWMEVxESBOvxkhP1PdQXxgvc-S57ouE8m9Ig_a5G2O6XU9un8HBVvpaxrAgdLs0HhQqJ22Edh6BVZFQ5w5jsQG1OAdwkjJ-i4y-gxn7k58vsWEN7w:1p8NGl:-AUJY31KPilo5BavWk5rgbfUEvcWOzgNmsYS43xK7A4",
      "expire_date": "2023-01-05T15:14:03.496Z"
    }
  },
  {
    "model": "sessions.session",
    "pk": "oqbwbsnhnr0dlfpr647ayowfma1b4tcx",
    "fields": {
      "session_data": ".eJxVjMEOwiAQRP-FsyEshSIevfsNZHcBqRqalPZk_Hdp0oPeZubNzFsE3NYStpaWMEVxESBOvxkhP1PdQXxgvc-S57ouE8m9Ig_a5G2O6XU9un8HBVvpaxrAgdLs0HhQqJ22Edh6BVZFQ5w5jsQG1OAdwkjJ-i4y-gxn7k58vsWEN7w:1p6sk9:JOdKAHFKg32Y5tFr60BHQUE0WVHbSDZNZ15j-56eDAg",
      "expire_date": "2023-01-01T12:26:13.601Z"
    }
  },
  {
    "model": "users.user",
    "pk": 1,
    "fields": {
      "password": "pbkdf2_sha256$260000$1Lc0J9IVDzK06rzcgmUejO$/rMSpMJBl+WDS/4x/FX0trb5WZBf+ooSx6GjmmZW3Fo=",
      "last_login": "2023-01-07T23:28:03.031Z",
      "is_superuser": true,
      "username": "Shtierlitz",
      "email": "rollbar1990@gmail.com",
      "is_staff": true,
      "is_active": true,
      "date_joined": "2022-12-15T11:02:19.269Z",
      "first_name": "Igor",
      "last_name": "Davydovskiy",
      "avatar": "media/photos/users/Я_в_костюме_igdrgo",
      "about": "И швец, и жнец, и на дуде игрец!",
      "slug": "shtierlitz",
      "email_verify": true,
      "groups": [],
      "user_permissions": [],
      "follows": [
        4
      ]
    }
  },
  {
    "model": "users.user",
    "pk": 3,
    "fields": {
      "password": "pbkdf2_sha256$260000$YZ6BzwCyw2W4eyvH5HbYnP$jH2n1GVfem+Qi5p8shQJpOqFf0q29LukGpsqPIVRWo8=",
      "last_login": "2023-01-02T17:56:28.203Z",
      "is_superuser": false,
      "username": "Gans",
      "email": "gansikkot007@gmail.com",
      "is_staff": false,
      "is_active": true,
      "date_joined": "2023-01-02T17:56:21.529Z",
      "first_name": "Ганс",
      "last_name": "Давыдовский",
      "avatar": "photos/users/IMG_1034.jpg",
      "about": "Не шалю, никого не трогаю. Починяю примус.",
      "slug": "gans",
      "email_verify": true,
      "groups": [],
      "user_permissions": [],
      "follows": [
        4
      ]
    }
  },
  {
    "model": "users.user",
    "pk": 4,
    "fields": {
      "password": "pbkdf2_sha256$260000$Pi6fRuYT13AtEm4qPVjHhG$p12+G5GO0kJMv41ch1ptJetPvdR9gx+O1q7BP0Cj2cs=",
      "last_login": "2023-01-05T16:17:08.356Z",
      "is_superuser": false,
      "username": "Lola",
      "email": "supermamalola1956@gmail.com",
      "is_staff": false,
      "is_active": true,
      "date_joined": "2023-01-04T09:04:31.387Z",
      "first_name": "Лолита",
      "last_name": "Давыдовская",
      "avatar": "media/photos/users/12345_077_gbpevh",
      "about": "Музыкант, Педагог, Концертмейстер, уважаемый человек, лучшая мать на свете!",
      "slug": "lola",
      "email_verify": true,
      "groups": [],
      "user_permissions": [],
      "follows": [
        1
      ]
    }
  },
  {
    "model": "users.user",
    "pk": 17,
    "fields": {
      "password": "pbkdf2_sha256$260000$L38Xpi0xCcYB3BMlCegwov$VgEIEv5fuRr339n/S2JjjinsnVJfDOd6Oa5sBi9nfbU=",
      "last_login": null,
      "is_superuser": false,
      "username": "Igrerio",
      "email": "igorlitin501@gmail.com",
      "is_staff": false,
      "is_active": true,
      "date_joined": "2023-01-07T18:18:46.422Z",
      "first_name": "",
      "last_name": "",
      "avatar": "",
      "about": "About user",
      "slug": "igrerio",
      "email_verify": false,
      "groups": [],
      "user_permissions": [],
      "follows": []
    }
  },
  {
    "model": "users.post",
    "pk": 77,
    "fields": {
      "title": "test_1",
      "text": "test_text_1 test_text_1 test_text_1 test_text_1 test_text_1 test_text_1",
      "time_create": "2022-12-23T18:23:32.376Z",
      "time_update": "2022-12-23T18:23:32.376Z",
      "is_published": true,
      "user": 1,
      "tags": [
        59
      ]
    }
  },
  {
    "model": "users.post",
    "pk": 78,
    "fields": {
      "title": "test_2",
      "text": "test_text_2 test_text_2 test_text_2 test_text_2 test_text_2 test_text_2",
      "time_create": "2022-12-23T18:24:05.700Z",
      "time_update": "2022-12-23T18:24:05.700Z",
      "is_published": true,
      "user": 1,
      "tags": [
        60
      ]
    }
  },
  {
    "model": "users.post",
    "pk": 79,
    "fields": {
      "title": "test_3",
      "text": "test_text_3 test_text_3 test_text_3 test_text_3 test_text_3 test_text_3",
      "time_create": "2022-12-23T18:24:25.351Z",
      "time_update": "2022-12-23T18:24:25.351Z",
      "is_published": true,
      "user": 1,
      "tags": [
        61
      ]
    }
  },
  {
    "model": "users.post",
    "pk": 81,
    "fields": {
      "title": "Коровьев",
      "text": "А Коровьев он черт!",
      "time_create": "2023-01-02T17:58:25.051Z",
      "time_update": "2023-01-02T17:58:25.051Z",
      "is_published": true,
      "user": 3,
      "tags": [
        63
      ]
    }
  },
  {
    "model": "users.post",
    "pk": 82,
    "fields": {
      "title": "lola_test_post",
      "text": "lola_test_text",
      "time_create": "2023-01-04T09:07:22.152Z",
      "time_update": "2023-01-04T09:07:22.152Z",
      "is_published": true,
      "user": 4,
      "tags": [
        64
      ]
    }
  },
  {
    "model": "users.post",
    "pk": 83,
    "fields": {
      "title": "test_cloudinary",
      "text": "test_cloudinary_text",
      "time_create": "2023-01-04T10:30:39.182Z",
      "time_update": "2023-01-04T16:13:25.148Z",
      "is_published": true,
      "user": 1,
      "tags": [
        59,
        60,
        61,
        62,
        63,
        64,
        65,
        66
      ]
    }
  },
  {
    "model": "users.post",
    "pk": 84,
    "fields": {
      "title": "тест профайла",
      "text": "добавляем картинку чтобы проверить сколько из будет отображаться в профиле",
      "time_create": "2023-01-05T13:31:54.842Z",
      "time_update": "2023-01-05T13:31:54.842Z",
      "is_published": true,
      "user": 1,
      "tags": [
        67
      ]
    }
  },
  {
    "model": "users.post",
    "pk": 87,
    "fields": {
      "title": "Добавление множества фотографий",
      "text": "Глаза слипаются",
      "time_create": "2023-01-05T17:33:29.767Z",
      "time_update": "2023-01-05T17:33:29.767Z",
      "is_published": true,
      "user": 1,
      "tags": [
        70
      ]
    }
  },
  {
    "model": "users.like",
    "pk": 17,
    "fields": {
      "post": 81,
      "liked_by": 1,
      "like": true,
      "created": "2023-01-04T09:09:54.839Z"
    }
  },
  {
    "model": "users.like",
    "pk": 19,
    "fields": {
      "post": 79,
      "liked_by": 1,
      "like": true,
      "created": "2023-01-04T09:10:05.519Z"
    }
  },
  {
    "model": "users.like",
    "pk": 27,
    "fields": {
      "post": 83,
      "liked_by": null,
      "like": true,
      "created": "2023-01-04T17:13:10.920Z"
    }
  },
  {
    "model": "users.like",
    "pk": 28,
    "fields": {
      "post": 82,
      "liked_by": null,
      "like": true,
      "created": "2023-01-04T17:13:12.961Z"
    }
  },
  {
    "model": "users.like",
    "pk": 29,
    "fields": {
      "post": 81,
      "liked_by": null,
      "like": true,
      "created": "2023-01-04T17:13:15.213Z"
    }
  },
  {
    "model": "users.like",
    "pk": 31,
    "fields": {
      "post": 83,
      "liked_by": 1,
      "like": true,
      "created": "2023-01-05T00:01:00.438Z"
    }
  },
  {
    "model": "users.like",
    "pk": 32,
    "fields": {
      "post": 82,
      "liked_by": 1,
      "like": true,
      "created": "2023-01-05T00:01:03.176Z"
    }
  },
  {
    "model": "users.like",
    "pk": 34,
    "fields": {
      "post": 84,
      "liked_by": 1,
      "like": true,
      "created": "2023-01-05T14:56:01.995Z"
    }
  },
  {
    "model": "users.like",
    "pk": 35,
    "fields": {
      "post": 87,
      "liked_by": 1,
      "like": true,
      "created": "2023-01-05T21:16:39.565Z"
    }
  },
  {
    "model": "users.like",
    "pk": 36,
    "fields": {
      "post": 87,
      "liked_by": null,
      "like": true,
      "created": "2023-01-07T17:12:57.317Z"
    }
  },
  {
    "model": "users.tag",
    "pk": 59,
    "fields": {
      "tag_title": "#test_tag_1"
    }
  },
  {
    "model": "users.tag",
    "pk": 60,
    "fields": {
      "tag_title": "#tes_tag_2"
    }
  },
  {
    "model": "users.tag",
    "pk": 61,
    "fields": {
      "tag_title": "#test_tag_3"
    }
  },
  {
    "model": "users.tag",
    "pk": 62,
    "fields": {
      "tag_title": "#test_tag_5"
    }
  },
  {
    "model": "users.tag",
    "pk": 63,
    "fields": {
      "tag_title": "#Коровьев"
    }
  },
  {
    "model": "users.tag",
    "pk": 64,
    "fields": {
      "tag_title": "#lola_test_tag"
    }
  },
  {
    "model": "users.tag",
    "pk": 65,
    "fields": {
      "tag_title": "#test_cloudinary_tag"
    }
  },
  {
    "model": "users.tag",
    "pk": 66,
    "fields": {
      "tag_title": "tag_more"
    }
  },
  {
    "model": "users.tag",
    "pk": 67,
    "fields": {
      "tag_title": "#тег_чтоб_был"
    }
  },
  {
    "model": "users.tag",
    "pk": 68,
    "fields": {
      "tag_title": "#сдали_нервы"
    }
  },
  {
    "model": "users.tag",
    "pk": 69,
    "fields": {
      "tag_title": "#глаза_слиплись"
    }
  },
  {
    "model": "users.tag",
    "pk": 70,
    "fields": {
      "tag_title": "#глаза_слиплись"
    }
  },
  {
    "model": "users.tag",
    "pk": 71,
    "fields": {
      "tag_title": "#глаза_слиплись"
    }
  },
  {
    "model": "users.tag",
    "pk": 72,
    "fields": {
      "tag_title": "#глаза_слиплись"
    }
  },
  {
    "model": "users.tag",
    "pk": 73,
    "fields": {
      "tag_title": "#глаза_слиплись"
    }
  },
  {
    "model": "users.tag",
    "pk": 74,
    "fields": {
      "tag_title": "#глаза_слиплись"
    }
  },
  {
    "model": "users.tag",
    "pk": 75,
    "fields": {
      "tag_title": "#глаза_слиплись"
    }
  },
  {
    "model": "users.tag",
    "pk": 76,
    "fields": {
      "tag_title": "#глаза_слиплись"
    }
  },
  {
    "model": "users.tag",
    "pk": 77,
    "fields": {
      "tag_title": "#глаза_слиплись"
    }
  },
  {
    "model": "users.tag",
    "pk": 78,
    "fields": {
      "tag_title": "#фото-тест-тег"
    }
  },
  {
    "model": "users.tag",
    "pk": 79,
    "fields": {
      "tag_title": "#тест-картинок"
    }
  },
  {
    "model": "users.tag",
    "pk": 80,
    "fields": {
      "tag_title": "#test_delete"
    }
  },
  {
    "model": "users.image",
    "pk": 89,
    "fields": {
      "image": "media/photos/posts/2023/01/04/Нацист_ojkjtk",
      "resized_image": "media/photos/posts/resized/2023/01/04/Нацист_v7nmwl",
      "post": 83,
      "user": 1
    }
  },
  {
    "model": "users.image",
    "pk": 90,
    "fields": {
      "image": "media/photos/posts/2023/01/04/куй_з_ним_xqw6fj",
      "resized_image": "media/photos/posts/resized/2023/01/04/куй_з_ним_zwilkk",
      "post": 82,
      "user": 4
    }
  },
  {
    "model": "users.image",
    "pk": 91,
    "fields": {
      "image": "media/photos/posts/2023/01/04/заявление_mszsr0",
      "resized_image": "media/photos/posts/resized/2023/01/04/заявление_f2lcdt",
      "post": 81,
      "user": 3
    }
  },
  {
    "model": "users.image",
    "pk": 93,
    "fields": {
      "image": "media/photos/posts/2023/01/04/photo_2022-12-04_00-56-59_zdknpb",
      "resized_image": "media/photos/posts/resized/2023/01/04/photo_2022-12-04_00-56-59_ownyuk",
      "post": 79,
      "user": 1
    }
  },
  {
    "model": "users.image",
    "pk": 94,
    "fields": {
      "image": "media/photos/posts/2023/01/04/Я_в_костюме_f3mva2",
      "resized_image": "media/photos/posts/resized/2023/01/04/Я_в_костюме_fxahlb",
      "post": 78,
      "user": 1
    }
  },
  {
    "model": "users.image",
    "pk": 95,
    "fields": {
      "image": "media/photos/posts/2023/01/04/photo_2022-12-04_00-59-17_iygreh",
      "resized_image": "media/photos/posts/resized/2023/01/04/photo_2022-12-04_00-59-17_f9ytm5",
      "post": 77,
      "user": 1
    }
  },
  {
    "model": "users.image",
    "pk": 96,
    "fields": {
      "image": "media/photos/posts/2023/01/05/Тимон_и_пумба_buts67",
      "resized_image": "media/photos/posts/resized/2023/01/05/Тимон_и_пумба_spyyfj",
      "post": 84,
      "user": 1
    }
  },
  {
    "model": "users.image",
    "pk": 102,
    "fields": {
      "image": "media/photos/posts/2023/01/05/12345_012_ox2bte",
      "resized_image": "media/photos/posts/resized/2023/01/05/12345_012_zkeusr",
      "post": 87,
      "user": null
    }
  },
  {
    "model": "users.image",
    "pk": 103,
    "fields": {
      "image": "media/photos/posts/2023/01/05/12345_016_v1ufhi",
      "resized_image": "media/photos/posts/resized/2023/01/05/12345_016_lhkhqo",
      "post": 87,
      "user": null
    }
  },
  {
    "model": "users.image",
    "pk": 104,
    "fields": {
      "image": "media/photos/posts/2023/01/05/12345_028_ke3pez",
      "resized_image": "media/photos/posts/resized/2023/01/05/12345_028_hogh4j",
      "post": 87,
      "user": null
    }
  },
  {
    "model": "users.image",
    "pk": 105,
    "fields": {
      "image": "media/photos/posts/2023/01/05/12345_037_fbpffk",
      "resized_image": "media/photos/posts/resized/2023/01/05/12345_037_pwtxuk",
      "post": 87,
      "user": null
    }
  },
  {
    "model": "captcha.captchastore",
    "pk": 109,
    "fields": {
      "challenge": "MDFM",
      "response": "mdfm",
      "hashkey": "7c26920f6d50bd9a51a0aa52361030e582662b94",
      "expiration": "2023-01-05T14:35:42.943Z"
    }
  },
  {
    "model": "captcha.captchastore",
    "pk": 110,
    "fields": {
      "challenge": "WNAX",
      "response": "wnax",
      "hashkey": "4c1f02bc8ad00391b22dac2760a3f8366adac21e",
      "expiration": "2023-01-05T14:36:01.455Z"
    }
  },
  {
    "model": "captcha.captchastore",
    "pk": 111,
    "fields": {
      "challenge": "VTTL",
      "response": "vttl",
      "hashkey": "9cac80cf2b00840bd74a87202fd6f78840629c35",
      "expiration": "2023-01-05T14:37:22.058Z"
    }
  },
  {
    "model": "captcha.captchastore",
    "pk": 112,
    "fields": {
      "challenge": "FTUT",
      "response": "ftut",
      "hashkey": "d25b8e88b2bef65c70b7e6596473b435f6a51e1a",
      "expiration": "2023-01-05T15:22:58.237Z"
    }
  },
  {
    "model": "captcha.captchastore",
    "pk": 113,
    "fields": {
      "challenge": "DOBM",
      "response": "dobm",
      "hashkey": "a97421154b9a7ccf3c62fa5050574180175dda13",
      "expiration": "2023-01-05T15:31:24.192Z"
    }
  },
  {
    "model": "captcha.captchastore",
    "pk": 114,
    "fields": {
      "challenge": "FTKL",
      "response": "ftkl",
      "hashkey": "dcd1b5a1978579f3470c5f2d6af190d87a5e2474",
      "expiration": "2023-01-05T16:34:54.724Z"
    }
  },
  {
    "model": "captcha.captchastore",
    "pk": 115,
    "fields": {
      "challenge": "UWVP",
      "response": "uwvp",
      "hashkey": "75644d1e9ea4353f6186fcc1856bd17ae14af210",
      "expiration": "2023-01-05T16:36:21.941Z"
    }
  },
  {
    "model": "captcha.captchastore",
    "pk": 116,
    "fields": {
      "challenge": "BPEO",
      "response": "bpeo",
      "hashkey": "84a05dfe92f4c60e56e6795d40f055573e33ba16",
      "expiration": "2023-01-05T16:36:29.132Z"
    }
  },
  {
    "model": "captcha.captchastore",
    "pk": 117,
    "fields": {
      "challenge": "FDDB",
      "response": "fddb",
      "hashkey": "20c7b0dd3670f324d344a13093e004f580ae9bc3",
      "expiration": "2023-01-05T16:36:33.668Z"
    }
  },
  {
    "model": "captcha.captchastore",
    "pk": 118,
    "fields": {
      "challenge": "CZHU",
      "response": "czhu",
      "hashkey": "76a152fb323af1019dbf26adf8d930af6b9909c6",
      "expiration": "2023-01-05T16:47:59.483Z"
    }
  },
  {
    "model": "captcha.captchastore",
    "pk": 119,
    "fields": {
      "challenge": "CFFN",
      "response": "cffn",
      "hashkey": "1e1cc1dc9fe874e75b192835c0b6317e79610b31",
      "expiration": "2023-01-05T16:48:16.207Z"
    }
  },
  {
    "model": "captcha.captchastore",
    "pk": 120,
    "fields": {
      "challenge": "ZGHQ",
      "response": "zghq",
      "hashkey": "3479f9293f6fcbe00bc7e60c66d2409c466521b5",
      "expiration": "2023-01-05T16:51:26.670Z"
    }
  },
  {
    "model": "captcha.captchastore",
    "pk": 121,
    "fields": {
      "challenge": "LELK",
      "response": "lelk",
      "hashkey": "9ce01606abc6368abd6dd819d5ae9038f2a611f5",
      "expiration": "2023-01-05T17:06:45.440Z"
    }
  },
  {
    "model": "captcha.captchastore",
    "pk": 122,
    "fields": {
      "challenge": "LTAH",
      "response": "ltah",
      "hashkey": "e87016ff19098723c70d18cfbb23b6a21f63a0d5",
      "expiration": "2023-01-05T17:08:58.989Z"
    }
  },
  {
    "model": "captcha.captchastore",
    "pk": 123,
    "fields": {
      "challenge": "IYSJ",
      "response": "iysj",
      "hashkey": "5d8330ce280e1303bda845e733b9a3138744a7b6",
      "expiration": "2023-01-05T17:09:14.408Z"
    }
  },
  {
    "model": "captcha.captchastore",
    "pk": 124,
    "fields": {
      "challenge": "EFTB",
      "response": "eftb",
      "hashkey": "e080a30463be2011a4c49c14f12ed2f38b6d4e1d",
      "expiration": "2023-01-05T17:09:36.899Z"
    }
  },
  {
    "model": "captcha.captchastore",
    "pk": 125,
    "fields": {
      "challenge": "OCIB",
      "response": "ocib",
      "hashkey": "4383771a8febcd41802d0dd4b3581c89655aceac",
      "expiration": "2023-01-05T17:15:59.982Z"
    }
  },
  {
    "model": "captcha.captchastore",
    "pk": 126,
    "fields": {
      "challenge": "LSMX",
      "response": "lsmx",
      "hashkey": "a5d655b82b493877b30684c825fa3eaa0275f2a2",
      "expiration": "2023-01-05T17:21:11.007Z"
    }
  },
  {
    "model": "captcha.captchastore",
    "pk": 127,
    "fields": {
      "challenge": "CVSC",
      "response": "cvsc",
      "hashkey": "9c74301daeedba01aa153d03a4162f8271dc1411",
      "expiration": "2023-01-05T17:21:11.497Z"
    }
  },
  {
    "model": "captcha.captchastore",
    "pk": 128,
    "fields": {
      "challenge": "NNTG",
      "response": "nntg",
      "hashkey": "6e8477fa416276b42401dd73a9d716b53572cde0",
      "expiration": "2023-01-05T17:21:25.100Z"
    }
  },
  {
    "model": "captcha.captchastore",
    "pk": 129,
    "fields": {
      "challenge": "ASRU",
      "response": "asru",
      "hashkey": "569d0b94e849c750ac81ba2282239abdc3b3dda6",
      "expiration": "2023-01-05T17:26:17.499Z"
    }
  },
  {
    "model": "captcha.captchastore",
    "pk": 130,
    "fields": {
      "challenge": "HVAK",
      "response": "hvak",
      "hashkey": "0400a58fe5e79a74aa5741308542e765dcb2b9a3",
      "expiration": "2023-01-05T18:34:53.107Z"
    }
  },
  {
    "model": "captcha.captchastore",
    "pk": 131,
    "fields": {
      "challenge": "MKVG",
      "response": "mkvg",
      "hashkey": "c324604a7dc9697d74ea6ec91a81e5bd8b5a52ca",
      "expiration": "2023-01-05T19:09:26.465Z"
    }
  },
  {
    "model": "captcha.captchastore",
    "pk": 132,
    "fields": {
      "challenge": "YZZX",
      "response": "yzzx",
      "hashkey": "671de9e9b630d8fbc8142776490a4d0abc822b74",
      "expiration": "2023-01-05T19:10:45.880Z"
    }
  },
  {
    "model": "captcha.captchastore",
    "pk": 133,
    "fields": {
      "challenge": "ZZWA",
      "response": "zzwa",
      "hashkey": "036699f0a818bdfbd9650f55bf8b3d7d4469f193",
      "expiration": "2023-01-05T20:11:28.874Z"
    }
  },
  {
    "model": "captcha.captchastore",
    "pk": 134,
    "fields": {
      "challenge": "ATFE",
      "response": "atfe",
      "hashkey": "c4c92266710ddd9708d80b58e4a692f2ede510b7",
      "expiration": "2023-01-05T22:51:33.294Z"
    }
  },
  {
    "model": "captcha.captchastore",
    "pk": 135,
    "fields": {
      "challenge": "UGKU",
      "response": "ugku",
      "hashkey": "31c5ec957df0fc5ce26a263b3d460614a767220d",
      "expiration": "2023-01-05T22:51:46.948Z"
    }
  },
  {
    "model": "captcha.captchastore",
    "pk": 136,
    "fields": {
      "challenge": "XNBO",
      "response": "xnbo",
      "hashkey": "97076d02018324d88d8e6b1afe7b48fae214cec6",
      "expiration": "2023-01-05T23:41:15.220Z"
    }
  },
  {
    "model": "captcha.captchastore",
    "pk": 137,
    "fields": {
      "challenge": "JVMM",
      "response": "jvmm",
      "hashkey": "8e2666c49a52291098e2a48b7baa91c1f1ddcf9c",
      "expiration": "2023-01-05T23:41:20.067Z"
    }
  },
  {
    "model": "captcha.captchastore",
    "pk": 138,
    "fields": {
      "challenge": "UNJG",
      "response": "unjg",
      "hashkey": "88cf2420016af6b23028dc54cab15d4b2d7862cb",
      "expiration": "2023-01-05T23:41:24.283Z"
    }
  },
  {
    "model": "captcha.captchastore",
    "pk": 139,
    "fields": {
      "challenge": "YBQS",
      "response": "ybqs",
      "hashkey": "db7cd42208e2f55c69a73a86d8f7c2240e6e285d",
      "expiration": "2023-01-07T17:33:53.216Z"
    }
  },
  {
    "model": "captcha.captchastore",
    "pk": 140,
    "fields": {
      "challenge": "DKNF",
      "response": "dknf",
      "hashkey": "694eb521bca53422d0a1637c5b4f7ab321201dd9",
      "expiration": "2023-01-07T17:34:01.150Z"
    }
  },
  {
    "model": "captcha.captchastore",
    "pk": 141,
    "fields": {
      "challenge": "PAXH",
      "response": "paxh",
      "hashkey": "ecda52472feb7ca24443ae28d9272a520b6e5893",
      "expiration": "2023-01-07T17:44:34.654Z"
    }
  },
  {
    "model": "captcha.captchastore",
    "pk": 142,
    "fields": {
      "challenge": "YIWU",
      "response": "yiwu",
      "hashkey": "bf9d9995222ea6f9e7a7524f59b09fdd6be61487",
      "expiration": "2023-01-07T18:39:08.774Z"
    }
  },
  {
    "model": "captcha.captchastore",
    "pk": 143,
    "fields": {
      "challenge": "SNIQ",
      "response": "sniq",
      "hashkey": "c870e8541d57a2c14988b36738429adbf185b684",
      "expiration": "2023-01-07T23:32:31.447Z"
    }
  },
  {
    "model": "captcha.captchastore",
    "pk": 144,
    "fields": {
      "challenge": "NUTB",
      "response": "nutb",
      "hashkey": "3c4e40456b94f6e021b6648ad9137a226afee728",
      "expiration": "2023-01-07T23:33:09.225Z"
    }
  },
  {
    "model": "captcha.captchastore",
    "pk": 145,
    "fields": {
      "challenge": "PLLH",
      "response": "pllh",
      "hashkey": "ca7d8e912540cad50298c1bcfa08b2b9ee7add03",
      "expiration": "2023-01-07T23:40:17.783Z"
    }
  },
  {
    "model": "captcha.captchastore",
    "pk": 146,
    "fields": {
      "challenge": "QQBS",
      "response": "qqbs",
      "hashkey": "2548283fce5bd9183db3a949915f67d057ad1ff4",
      "expiration": "2023-01-07T23:41:23.567Z"
    }
  }
]